X,Y,OBJECTID,STNCODE,STNNAME,CITY2,STATE,STFIPS,station,station_name,Total Riders
,,519,ACD,"Arcadia, Missouri",Arcadia,MO,29,"Arcadia, Missouri",Arcadia, -   
-87.492747,31.024229,520,ATR,"Artmore, Alabama",Artmore,AL,1,"Artmore, Alabama",Artmore, -   
-117.318743,33.109248,380,POI,"Carlsbad Poinsettia, CA",Carlsbad Poinsettia,CA,6,"Carlsbad Poinsettia, CA",Carlsbad Poinsettia, -   
-117.35073,33.160989,376,CBV,"Carlsbad Village, CA",Carlsbad Village,CA,6,"Carlsbad Village, CA",Carlsbad Village, -   
-82.832501,34.691115,466,CSN,"Clemson, South Carolina",Clemson,SC,45,"Clemson, South Carolina",Clemson, -   
-117.293204,33.047109,370,ENC,"Encinitas, CA",Encinitas,CA,6,"Encinitas, CA",Encinitas, -   
-70.102358,43.855035,324,FRE,"Freeport, ME",Freeport,ME,23,"Freeport, ME",Freeport, -   
-104.6885,40.424,525,GRE,"Greeley, Colorado",Greeley,CO,8,"Greeley, Colorado",Greeley, -   
-72.600765,42.585458,402,GFD,"Greenfield, MA",Greenfield,MA,25,"Greenfield, MA",Greenfield, -   
-72.602309,42.204156,508,HLK,"Holyoke, Massachusetts",Holyoke,MA,25,"Holyoke, Massachusetts",Holyoke, -   
-93.592247,33.668913,498,HOP,"Hope, AR",Hope,AR,5,"Hope, AR",Hope, -   
-87.871545,41.815634,314,LAG,"La Grange, Illinois",LaGrange Road,IL,17,"La Grange, Illinois",La Grange, -   
-120.605001,34.682704,363,LPS,"Lompoc-Surf, California",Lompoc-Surf,CA,6,"Lompoc-Surf, California",Lompoc-Surf, -   
-89.262264,36.112711,454,NBN,"Newbern-Dyersburg, Tennessee",Newbern-Dyersburg,TN,47,"Newbern-Dyersburg, Tennessee",Newbern-Dyersburg, -   
-76.276195,36.843509,162,NFK,"Norfolk, Virginia",Norfolk,VA,51,"Norfolk, Virginia",Norfolk, -   
-72.626379,42.318858,261,NHT,"Northampton, MA",Northampton,MA,25,"Northampton, MA",Northampton, -   
-122.794059,46.991273,122,OLW,"Olympia/Lacey, Washington",Olympia-Lacey,WA,53,"Olympia/Lacey, Washington",Olympia/Lacey, -   
-116.547913,33.897491,470,PSN,"Palm Springs (Train), California",Palm Springs,CA,6,"Palm Springs (Train), California",Palm Springs - Train, -   
-75.155114,39.99678,507,PHN,"Philadelphia (North), Pennsylvania",North Philadelphia,PA,42,"Philadelphia (North), Pennsylvania",North Philadelphia, -   
-73.403536,44.524079,515,PRK,"Port Kent, New York",Port Kent,NY,36,"Port Kent, New York",Port Kent, -   
-117.224892,32.902684,253,SRB,"Sorrento Valley, CA",Sorrento Valley,CA,6,"Sorrento Valley, CA",Sorrento Valley, -   
-83.191026,42.542555,229,TRM,"Troy, MI",Troy,MI,26,"Troy, MI",Troy, -   
-120.798009,37.527229,208,TRK,"Turlock-Denair, California",Turlock-Denair,CA,6,"Turlock-Denair, California",Turlock-Denair, -   
-121.936576,37.353219,165,SCC,University Station,Santa Clara University,CA,6,University Station,University Statio, -   
-69.965494,43.911245,216,BRK,Visitor's Center,Brunswick,ME,23,Visitor's Center,Visitor's Cente, -   
-72.384958,43.479908,510,WNM,"Windsor, Vermont",Windsor-Mt. Ascutney,VT,50,"Windsor, Vermont",Windsor-Mt. Ascutney, -   
-105.817388,39.947566,354,WIP,"Winter Park/Fraser, Colorado",Fraser-Winter Park,CO,8,"Winter Park/Fraser, Colorado",Winter Park/Fraser, -   
-89.333338,30.3142,521,BAS,"Bay St. Louis, Mississippi",Bay St. Louis,MS,28,"Bay St. Louis, Mississippi",Bay St. Louis, -   
-88.885375,30.408387,522,BIX,"Biloxi, Mississippi",Biloxi,MS,28,"Biloxi, Mississippi",Biloxi, -   
-85.539885,30.79425,523,CIP,"Chipley, Florida",Chipley,FL,12,"Chipley, Florida",Chipley, -   
-86.55855,30.764235,524,CSV,"Crestview, Florida",Crestview,FL,12,"Crestview, Florida",Crestview, -   
-83.413218,30.459878,526,MDO,"Madison, Florida",Madison,FL,12,"Madison, Florida",Madison, -   
-88.047508,30.708108,527,MOE,"Mobile, Alabama",Mobile,AL,1,"Mobile, Alabama",Mobile, -   
-87.205038,30.417749,528,PNS,"Pensacola, Florida",Pensacola,FL,12,"Pensacola, Florida",Pensacola, -   
-84.289348,30.432611,529,TLH,"Tallahassee, Florida",Tallahassee,FL,12,"Tallahassee, Florida",Tallahassee, -   
-73.994459,40.750327,1,NYP,"New York (Penn Station), New York",New York,NY,36,"New York (Penn Station), New York",New York / Penn Station,"9,860,400"
-77.006422,38.896993,2,WAS,"Washington, District of Columbia",Washington,DC,11,"Washington, District of Columbia",Washington,"5,039,100"
-75.181041,39.955615,3,PHL,"Philadelphia (30th St), Pennsylvania",Philadelphia,PA,42,"Philadelphia (30th St), Pennsylvania",Philadelphia - 30th St,"4,417,000"
-87.639443,41.878684,4,CHI,"Chicago (Union Station), Illinois",Chicago,IL,17,"Chicago (Union Station), Illinois",Chicago - Union Station,"3,293,600"
-71.055304,42.352311,5,BOS,"Boston (South Station), Massachusetts",Boston,MA,25,"Boston (South Station), Massachusetts",Boston - South Station,"1,533,500"
-118.236778,34.056177,6,LAX,"Los Angeles, California",Los Angeles,CA,6,"Los Angeles, California",Los Angeles,"1,446,900"
-121.500704,38.584004,7,SAC,"Sacramento, California",Sacramento,CA,6,"Sacramento, California",Sacramento,"1,072,100"
-76.615688,39.307302,8,BAL,"Baltimore (Penn Station), Maryland",Baltimore,MD,24,"Baltimore (Penn Station), Maryland",Baltimore / Penn Station,"1,026,000"
-73.741147,42.641029,9,ALB,"Albany/Rensselaer, New York",Albany-Rensselaer,NY,36,"Albany/Rensselaer, New York",Albany/Rensselaer,"790,500"
-71.413478,41.82949,10,PVD,"Providence, Rhode Island",Providence,RI,44,"Providence, Rhode Island",Providence,"758,400"
-76.6943,39.192362,13,BWI,"BWI Rail Station at Thurgood Marshall Airport, Mar",BWI Marshall Airport,MD,24,"BWI Rail Station at Thurgood Marshall Airport, Mar",Baltimore / BWI Thurgood Marshall Airport,"748,500"
-74.16475,40.734706,14,NWK,"Newark (Penn Station), New Jersey",Newark,NJ,34,"Newark (Penn Station), New Jersey",Newark - Penn Station,"697,500"
-75.551095,39.737263,12,WIL,"Wilmington, Delaware",Wilmington,DE,10,"Wilmington, Delaware",Wilmington,"695,200"
-72.92667,41.297714,16,NHV,"New Haven, Connecticut",New Haven,CT,9,"New Haven, Connecticut",New Haven,"688,900"
-122.330161,47.598445,15,SEA,"Seattle (Amtrak), Washington",Seattle,WA,53,"Seattle (Amtrak), Washington",Seattle ,"677,500"
-71.075828,42.347317,17,BBY,"Boston (Back Bay), Massachusetts",Boston,MA,25,"Boston (Back Bay), Massachusetts",Boston - Back Bay,"676,500"
-117.169576,32.716169,11,SAN,"San Diego (Downtown), California",San Diego,CA,6,"San Diego (Downtown), California",San Diego,"666,000"
-87.917104,43.034518,18,MKE,"Milwaukee, Wisconsin",Milwaukee,WI,55,"Milwaukee, Wisconsin",Milwaukee,"596,200"
-122.291615,37.840474,20,EMY,"Emeryville, California",Emeryville,CA,6,"Emeryville, California",Emeryville,"588,000"
-122.676806,45.528724,19,PDX,"Portland, Oregon",Portland,OR,41,"Portland, Oregon",Portland / Union Station,"565,900"
-76.307714,40.054181,21,LNC,"Lancaster, Pennsylvania",Lancaster,PA,42,"Lancaster, Pennsylvania",Lancaster,"561,400"
-76.878256,40.26205,22,HAR,"Harrisburg, Pennsylvania",Harrisburg,PA,42,"Harrisburg, Pennsylvania",Harrisburg,"507,200"
-71.061122,42.366235,26,BON,"Boston (North Station), Massachusetts",Boston,MA,25,"Boston (North Station), Massachusetts",Boston - North Station,"458,200"
-71.147894,42.210242,24,RTE,"Westwood, Route 128 Station, Massachusetts",Route 128,MA,25,"Westwood, Route 128 Station, Massachusetts",Westwood,"440,800"
-119.00821,35.37214,23,BFD,"Bakersfield, California",Bakersfield,CA,6,"Bakersfield, California",Bakersfield,"431,400"
-74.75444,40.219011,25,TRE,"Trenton, New Jersey",Trenton,NJ,34,"Trenton, New Jersey",Trenton,"430,600"
-73.54216,41.04713,27,STM,"Stamford, Connecticut",Stamford,CT,9,"Stamford, Connecticut",Stamford,"412,800"
-122.271667,37.793866,35,OKJ,"Oakland, California",Oakland - Jack London Square,CA,6,"Oakland, California",Oakland / Jack London Sq,"386,400"
-121.737707,38.543562,29,DAV,"Davis, California",Davis,CA,6,"Davis, California",Davis,"383,300"
-117.271135,32.992937,28,SOL,"Solana Beach, California",Solana Beach,CA,6,"Solana Beach, California",Solana Beach,"377,100"
-119.782926,36.738457,31,FNO,"Fresno, California",Fresno,CA,6,"Fresno, California",Fresno,"371,600"
-117.733695,33.656771,33,IRV,"Irvine, California",Irvine,CA,6,"Irvine, California",Irvine,"365,400"
-74.329583,40.568056,30,MET,"Metropark (Iselin), New Jersey",Metropark,NJ,34,"Metropark (Iselin), New Jersey",Metropark - Iselin,"364,700"
-119.692785,34.413718,36,SBA,"Santa Barbara, California",Santa Barbara,CA,6,"Santa Barbara, California",Santa Barbara,"363,200"
-90.203838,38.624461,37,STL,"St. Louis, Missouri",St. Louis,MO,29,"St. Louis, Missouri",St. Louis,"357,200"
-117.200073,32.755266,42,OLT,"San Diego (Old Town), California",San Diego - Old Town,CA,6,"San Diego (Old Town), California",San Diego / Sorrento Valley,349400
-77.496943,37.617693,34,RVR,"Richmond (Staples Mill Rd), Virginia",Richmond,VA,51,"Richmond (Staples Mill Rd), Virginia",Richmond / Staples Mill Rd,"341,700"
-122.138784,38.018921,32,MTZ,"Martinez, California",Martinez,CA,6,"Martinez, California",Martinez,"341,600"
-122.35413,37.936752,41,RIC,"Richmond, California",Richmond,CA,6,"Richmond, California",Richmond,"286,900"
-121.285632,37.945468,40,SKN,"Stockton (711-718), California",Stockton,CA,6,"Stockton (711-718), California",Stockton,"285,800"
-117.37943,33.192515,38,OSD,"Oceanside, California",Oceanside,CA,6,"Oceanside, California",Oceanside,"284,300"
-117.922849,33.868969,39,FUL,"Fullerton, California",Fullerton,CA,6,"Fullerton, California",Fullerton,"280,000"
-117.877308,33.803803,43,ANA,"Anaheim, California",Anaheim,CA,6,"Anaheim, California",Anaheim,"256,600"
-88.984306,40.50901,46,BNL,"Bloomington-Normal, Illinois",Bloomington-Normal,IL,17,"Bloomington-Normal, Illinois",Bloomington-Normal,"235,500"
-75.48376,40.042754,51,PAO,"Paoli, Pennsylvania",Paoli,PA,42,"Paoli, Pennsylvania",Paoli,"232,200"
-121.902388,37.329933,47,SJC,"San Jose, California",San Jose,CA,6,"San Jose, California",San Jose,"229,300"
-77.220942,38.708143,44,LOR,"Lorton (Auto Train), Virginia",Lorton,VA,51,"Lorton (Auto Train), Virginia",Lorton - Auto Train,"224,800"
-81.291274,28.808544,45,SFA,"Sanford (Auto Train), Florida",Sanford,FL,12,"Sanford (Auto Train), Florida",Sanford - Auto Train,"224,800"
-73.797729,42.253891,49,HUD,"Hudson, New York",Hudson,NY,36,"Hudson, New York",Hudson,"219,800"
-117.663813,33.501318,48,SNC,"San Juan Capistrano, California",San Juan Capistrano,CA,6,"San Juan Capistrano, California",San Juan Capistrano,"213,000"
-73.951278,41.921346,50,RHI,"Rhinecliff, New York",Rhinecliff,NY,36,"Rhinecliff, New York",Rhinecliff,"198,100"
-119.651816,36.326078,52,HNF,"Hanford, California",Hanford,CA,6,"Hanford, California",Hanford,"187,800"
-77.06233,38.806503,53,ALX,"Alexandria, Virginia",Alexandria,VA,51,"Alexandria, Virginia",Alexandria,"187,300"
-90.078291,29.946085,54,NOL,Union Passenger Terminal,New Orleans,LA,22,Union Passenger Terminal,Union Passenger Termina,"180,400"
-87.924359,42.940583,62,MKA,"Milwaukee (General Mitchell Intl Airport), Wiscons",Milwaukee Mitchell Airport,WI,55,"Milwaukee (General Mitchell Intl Airport), Wiscons",Milwaukee / Airport,"180,300"
-121.967003,37.406778,65,GAC,"Santa Clara (Great America), California",Santa Clara- Great American,CA,6,"Santa Clara (Great America), California",Santa Clara / Great America,"177,500"
-76.871494,38.948098,56,NCR,"New Carrollton, Maryland",New Carrollton,MD,24,"New Carrollton, Maryland",New Carrollton,"173,800"
-122.300707,37.867254,67,BKY,"Berkeley, California",Berkeley,CA,6,"Berkeley, California",Berkeley,"171,900"
-71.560597,41.483959,60,KIN,"West Kingston, Rhode Island",Kingston,RI,44,"West Kingston, Rhode Island",West Kingston,"169,500"
-80.822812,35.241403,55,CLT,"Charlotte, North Carolina",Charlotte,NC,37,"Charlotte, North Carolina",Charlotte,"169,000"
-74.18229,40.696618,70,EWR,"Newark Liberty International Airport, New Jersey",Newark Liberty Airport,NJ,34,"Newark Liberty International Airport, New Jersey",Newark / International Airport,"167,900"
-70.291258,43.654097,58,POR,"Portland, Maine",Portland,ME,23,"Portland, Maine",Portland,"166,100"
-72.093225,41.354267,63,NLC,"New London, Connecticut",New London,CT,9,"New London, Connecticut",New London,"160,200"
-83.743154,42.287692,76,ARB,"Ann Arbor, Michigan",Ann Arbor,MI,26,"Ann Arbor, Michigan",Ann Arbor,"155,600"
-78.645894,35.774923,64,RGH,"Raleigh, North Carolina",Raleigh,NC,37,"Raleigh, North Carolina",Raleigh,"153,800"
-88.241366,40.115843,61,CHM,"Champaign-Urbana, Illlinois",Champaign-Urbana,IL,17,"Champaign-Urbana, Illlinois",Champaign-Urbana,"153,500"
-94.585129,39.084576,66,KCY,"Kansas City, Missouri",Kansas City,MO,29,"Kansas City, Missouri",Kansas City,"151,900"
-117.856607,33.751629,68,SNA,"Santa Ana, California",Santa Ana,CA,6,"Santa Ana, California",Santa Ana,"151,100"
-72.681314,41.768761,71,HFD,"Hartford, Connecticut",Hartford,CT,9,"Hartford, Connecticut",Hartford,"147,500"
-75.621713,40.019291,75,EXT,"Exton, Pennsylvania",Exton,PA,42,"Exton, Pennsylvania",Exton,"142,700"
-104.999929,39.752959,72,DEN,"Denver, Colorado",Denver,CO,8,"Denver, Colorado",Denver,"141,500"
-122.041099,38.243401,57,SUI,"Suisun, California",Suisun-Fairfield,CA,6,"Suisun, California",Suisun,"138,600"
-79.992307,40.444738,69,PGH,"Pittsburgh, Pennsylvania",Pittsburgh,PA,42,"Pittsburgh, Pennsylvania",Pittsburgh,"136,800"
-78.491684,38.031484,73,CVS,"Charlottesville, Virginia",Charlottesville,VA,51,"Charlottesville, Virginia",Charlottesville,"131,400"
-76.169244,43.076548,77,SYR,"Syracuse, New York",Syracuse,NY,36,"Syracuse, New York",Syracuse,"127,200"
-77.608057,43.163411,78,ROC,"Rochester, New York",Rochester,NY,36,"Rochester, New York",Rochester,"126,700"
-120.476805,37.307183,79,MCD,"Merced, California",Merced,CA,6,"Merced, California",Merced,"126,000"
-81.381516,28.525926,74,ORL,"Orlando, Florida",Orlando,FL,12,"Orlando, Florida",Orlando,"124,000"
-85.584018,42.295255,83,KAL,"Kalamazoo, Michigan",Kalamazoo,MI,26,"Kalamazoo, Michigan",Kalamazoo,"120,300"
-122.686544,45.628901,93,VAN,"Vancouver, Washington, United States",Vancouver,WA,53,"Vancouver, Washington, United States",Vancouver,"118,900"
-79.78708,36.069797,82,GRO,"Greensboro, North Carolina",Greensboro,NC,37,"Greensboro, North Carolina",Greensboro,"116,500"
-120.912913,37.668951,81,MOD,"Modesto, California",Modesto,CA,6,"Modesto, California",Modesto,"111,400"
-119.843092,34.437729,106,GTA,"Goleta, California",Goleta,CA,6,"Goleta, California",Goleta,"110,800"
-122.420509,47.241894,80,TAC,"Tacoma, Washington",Tacoma,WA,53,"Tacoma, Washington",Tacoma,"110,800"
-97.326673,32.752563,89,FTW,"Fort Worth, Texas",Fort Worth,TX,48,"Fort Worth, Texas",Fort Worth,"107,200"
-82.450777,27.952492,87,TPA,"Tampa, Florida",Tampa,FL,12,"Tampa, Florida",Tampa,"105,700"
-119.175978,34.199241,99,OXN,"Oxnard, California",Oxnard,CA,6,"Oxnard, California",Oxnard,"104,400"
-78.726584,42.907017,85,BUF,"Buffalo (Depew), New York",Buffalo-Depew,NY,36,"Buffalo (Depew), New York",Buffalo / Depew,"104,200"
-120.654701,35.276434,84,SLO,"San Luis Obispo, California",San Luis Obispo,CA,6,"San Luis Obispo, California",San Luis Obispo,"101,100"
-76.612234,40.147028,88,ELT,"Elizabethtown, Pennsylvania",Elizabethtown,PA,42,"Elizabethtown, Pennsylvania",Elizabethtown,"99,600"
-89.651384,39.802323,59,SPI,"Springfield, Illinois",Springfield,IL,17,"Springfield, Illinois",Springfield,"99,400"
-76.45197,37.022731,86,NPN,"Newport News, Virginia",Newport News,VA,51,"Newport News, Virginia",Newport News,"98,300"
-73.93749,41.707056,90,POU,"Poughkeepsie, New York",Poughkeepsie,NY,36,"Poughkeepsie, New York",Poughkeepsie,"93,900"
-119.299918,34.276929,119,VEC,"Ventura, California",Ventura,CA,6,"Ventura, California",Ventura,"93,553"
-90.364106,40.944678,92,GBB,"Galesburg, Illinois",Galesburg,IL,17,"Galesburg, Illinois",Galesburg,"93,200"
-73.784329,40.911451,97,NRO,"New Rochelle, New York",New Rochelle,NY,36,"New Rochelle, New York",New Rochelle,"91,468"
-73.187539,41.178006,100,BRP,"Bridgeport, Connecticut",Bridgeport,CT,9,"Bridgeport, Connecticut",Bridgeport,"90,196"
-89.216628,37.724235,91,CDL,"Carbondale, Illinois",Carbondale,IL,17,"Carbondale, Illinois",Carbondale,"89,900"
-122.198147,37.752499,111,OAC,"Coliseum/Oakland Airport, Oakland, California",Oakland - Coliseum Airport,CA,6,"Coliseum/Oakland Airport, Oakland, California",Oakland / Coliseum Airport,"88,728"
-123.092361,44.055043,96,EUG,"Eugene, Oregon",Eugene,OR,41,"Eugene, Oregon",Eugene,"88,500"
-70.9587,42.98102,102,EXR,"Exeter, New Hampshire",Exeter,NH,33,"Exeter, New Hampshire",Exeter,"88,500"
-87.9063,42.718292,105,SVT,"Sturtevant, Wisconsin",Sturtevant,WI,55,"Sturtevant, Wisconsin",Sturtevant,"82,814"
-78.782246,35.788294,98,CYN,"Cary, North Carolina",Cary,NC,37,"Cary, North Carolina",Cary,"81,534"
-75.710775,40.002193,104,DOW,"Downingtown, Pennsylvania",Downingtown,PA,42,"Downingtown, Pennsylvania",Downingtown,"81,154"
-118.448206,34.211294,108,VNC,"Van Nuys (Amtrak), California",Van Nuys,CA,6,"Van Nuys (Amtrak), California",Van Nuys ,"75,985"
-78.906299,35.997347,109,DNC,"Durham, North Carolina",Durham,NC,37,"Durham, North Carolina","Durham, NC","74,089"
-83.235311,42.307167,117,DER,"Dearborn, Michigan",Dearborn,MI,26,"Dearborn, Michigan",Dearborn,"72,270"
-84.392477,33.799445,103,ATL,"Atlanta, Georgia",Atlanta,GA,13,"Atlanta, Georgia",Atlanta,"70,900"
-119.812123,39.528521,113,RNO,"Reno, Nevada",Reno,NV,32,"Reno, Nevada",Reno,"70,518"
-90.059109,35.132458,110,MEM,"Memphis, Tennessee",Memphis,TN,47,"Memphis, Tennessee",Memphis,"70,182"
-84.495962,42.718731,118,LNS,"East Lansing, Michigan",East Lansing,MI,26,"East Lansing, Michigan",East Lansing,"68,294"
-76.730943,40.192569,115,MID,"Middletown, Pennsylvania",Middletown,PA,42,"Middletown, Pennsylvania",Middletown,"68,047"
-72.376818,41.30039,123,OSB,"Old Saybrook, Connecticut",Old Saybrook,CT,9,"Old Saybrook, Connecticut",Old Saybrook,"67,503"
-90.136276,38.904723,128,ALN,"Alton, Illinois",Alton,IL,17,"Alton, Illinois",Alton,"66,591"
-81.723893,30.365601,112,JAX,"Jacksonville, Florida",Jacksonville,FL,12,"Jacksonville, Florida",Jacksonville,"66,085"
-83.072397,42.368097,147,DET,"Detroit, Michigan",Detroit,MI,26,"Detroit, Michigan",Detroit,"65,548"
-106.647975,35.082061,107,ABQ,"Albuquerque, New Mexico",Albuquerque,NM,35,"Albuquerque, New Mexico",Albuquerque,"64,382"
-118.599417,34.253205,125,CWT,"Chatsworth, California",Chatsworth,CA,6,"Chatsworth, California",Chatsworth,"64,063"
-70.878361,43.197968,143,DOV,"Dover, New Hampshire",Dover,NH,33,"Dover, New Hampshire",Dover,"64,053"
-118.353767,34.193072,127,BUR,"Burbank (Airport), California",Burbank Bob Hope Airport,CA,6,"Burbank (Airport), California",Burbank / Airport,"63,560"
-80.257759,25.849554,120,MIA,"Miami, Florida",Miami,FL,12,"Miami, Florida",Miami,"63,500"
-97.12551,34.172465,377,ADM,"Ardmore, Oklahoma",Ardmore,OK,40,"Ardmore, Oklahoma",Ardmore,"63,493"
-77.457203,38.298413,133,FBG,"Fredericksburg, Virginia",Fredericksburg,VA,51,"Fredericksburg, Virginia",Fredericksburg,"60,947"
-88.078766,41.52524,131,JOL,"Joliet, Illinois",Joliet,IL,17,"Joliet, Illinois",Joliet,"60,618"
-90.67094,40.461212,116,MAC,"Macomb, Illinois",Macomb,IL,17,"Macomb, Illinois",Macomb,"60,081"
-75.223434,43.103892,130,UCA,"Utica, New York",Utica,NY,36,"Utica, New York",Utica,"59,423"
-122.099277,37.665997,150,HAY,"Hayward, California",Hayward,CA,6,"Hayward, California",Hayward,"57,993"
-70.936013,43.139328,121,DHM,"Durham, New Hampshire",Durham,NH,33,"Durham, New Hampshire","Durham, NH","57,772"
-70.612192,43.320836,149,WEM,"Wells, Maine",Wells,ME,23,"Wells, Maine",Wells,"56,960"
-79.156934,37.406439,101,LYH,"Lynchburg, Virginia",Lynchburg,VA,51,"Lynchburg, Virginia",Lynchburg,"56,866"
-76.708564,37.276414,129,WBG,"Williamsburg, Virginia",Williamsburg,VA,51,"Williamsburg, Virginia",Williamsburg,"56,354"
-87.805562,42.075038,136,GLN,"Glenview, Illinois",Glenview,IL,17,"Glenview, Illinois",Glenview,"55,497"
-114.335575,48.413474,140,WFH,"Whitefish, Montana",Whitefish,MT,30,"Whitefish, Montana",Whitefish,"55,210"
-123.028331,44.932331,126,SLM,"Salem, Oregon",Salem,OR,41,"Salem, Oregon",Salem,"55,090"
-119.034114,34.215933,155,CML,"Camarillo, California (Trains)",Camarillo,CA,6,"Camarillo, California (Trains)",Camarillo,"54,868"
-90.406761,38.581067,138,KWD,"Kirkwood, Missouri",Kirkwood,MO,29,"Kirkwood, Missouri",Kirkwood,"54,369"
-77.908029,35.723135,132,WLN,"Wilson, North Carolina",Wilson,NC,37,"Wilson, North Carolina",Wilson,"53,934"
-81.148264,32.083412,135,SAV,"Savannah, Georgia",Savannah,GA,13,"Savannah, Georgia",Savannah,"53,769"
-98.478143,29.41935,144,SAS,"San Antonio, Texas",San Antonio,TX,48,"San Antonio, Texas",San Antonio,"52,719"
-80.062184,26.712554,134,WPB,"West Palm Beach, Florida",West Palm Beach,FL,12,"West Palm Beach, Florida",West Palm Beach,"52,572"
-77.797855,35.938001,141,RMT,"Rocky Mount, North Carolina",Rocky Mount,NC,37,"Rocky Mount, North Carolina",Rocky Mount,"51,365"
-83.541721,41.638345,137,TOL,"Toledo, Ohio",Toledo,OH,39,"Toledo, Ohio",Toledo,"50,960"
-78.884788,35.054993,142,FAY,"Fayetteville, North Carolina",Fayetteville,NC,37,"Fayetteville, North Carolina",Fayetteville,"50,528"
-119.522975,34.39678,198,CPN,"Carpinteria, California",Carpinteria,CA,6,"Carpinteria, California",Carpinteria,"50,278"
-73.942887,42.814606,139,SDY,"Schenectady, New York",Schenectady,NY,36,"Schenectady, New York",Schenectady,"50,130"
-122.511255,48.720263,146,BEL,"Bellingham, Washington",Bellingham,WA,53,"Bellingham, Washington",Bellingham,"49,319"
-81.696172,41.505787,151,CLE,"Cleveland, Ohio",Cleveland,OH,39,"Cleveland, Ohio",Cleveland,"48,657"
-70.449139,43.496191,163,SAO,"Saco, Maine",Saco,ME,23,"Saco, Maine",Saco,"48,158"
-77.429512,37.534209,167,RVM,"Richmond (Main St), Virginia",Richmond,VA,51,"Richmond (Main St), Virginia",Richmond / Main Street Station,"48,033"
-117.415455,47.65672,148,SPK,"Spokane, Washington",Spokane,WA,53,"Spokane, Washington",Spokane,"46,784"
-96.807235,32.776094,171,DAL,"Dallas, Texas",Dallas,TX,48,"Dallas, Texas",Dallas,"46,094"
-71.82978,41.381081,166,WLY,"Westerly, Rhode Island",Westerly,RI,44,"Westerly, Rhode Island",Westerly,"45,788"
-76.502641,40.10896,145,MJY,"Mount Joy, Pennsylvania",Mount Joy,PA,42,"Mount Joy, Pennsylvania",Mount Joy,"45,592"
-111.908349,40.761661,174,SLC,"Salt Lake City, Utah",Salt Lake City,UT,49,"Salt Lake City, Utah",Salt Lake City,"45,195"
-118.258868,34.123706,158,GDL,"Glendale, California",Glendale,CA,6,"Glendale, California",Glendale,"44,815"
-122.007496,37.559093,175,FMT,"Fremont (Trains, Capitol Buses), California",Fremont,CA,6,"Fremont (Trains, Capitol Buses), California",Fremont - Trains,"44,559"
-75.922123,39.95918,152,PAR,"Parkesburg, Pennsylvania",Parkesburg,PA,42,"Parkesburg, Pennsylvania",Parkesburg,"44,513"
-97.512749,35.46549,161,OKC,"Oklahoma City, Oklahoma",Oklahoma City,OK,40,"Oklahoma City, Oklahoma",Oklahoma City,"44,386"
-118.695163,34.270204,164,SIM,"Simi Valley, California",Simi Valley,CA,6,"Simi Valley, California",Simi Valley,"44,174"
-84.39967,42.248113,231,JXN,"Jackson, Michigan",Jackson,MI,26,"Jackson, Michigan","Jackson, MS","43,950"
-107.323218,39.547903,156,GSC,"Glenwood Springs, Colorado",Glenwood Springs,CO,8,"Glenwood Springs, Colorado",Glenwood Springs,"43,467"
-73.882394,41.189903,159,CRT,"Croton Harmon, New York",Croton-Harmon,NY,36,"Croton Harmon, New York",Croton Harmon,"43,184"
-111.648871,35.197374,177,FLG,"Flagstaff, Arizona",Flagstaff,AZ,4,"Flagstaff, Arizona",Flagstaff,"42,838"
-71.086375,42.773297,160,HHL,"Haverhill, Massachusetts",Haverhill,MA,25,"Haverhill, Massachusetts",Haverhill,"42,803"
-88.145497,41.779514,154,NPV,"Naperville, Illinois",Naperville,IL,17,"Naperville, Illinois",Naperville,"41,753"
-85.187825,42.318453,181,BTL,"Battle Creek, Michigan",Battle Creek,MI,26,"Battle Creek, Michigan",Battle Creek,"41,420"
-80.17,26.119256,170,FTL,"Fort Lauderdale, Florida",Fort Lauderdale,FL,12,"Fort Lauderdale, Florida",Fort Lauderdale,"40,249"
-79.757056,34.199157,157,FLO,"Florence, South Carolina",Florence,SC,45,"Florence, South Carolina",Florence,"40,187"
-85.672447,42.955788,182,GRR,"Grand Rapids, Michigan",Grand Rapids,MI,26,"Grand Rapids, Michigan",Grand Rapids,"39,974"
-86.806614,33.512801,169,BHM,"Birmingham, Alabama",Birmingham,AL,1,"Birmingham, Alabama",Birmingham,"39,891"
-122.197858,47.975401,172,EVR,"Everett, Washington",Everett,WA,53,"Everett, Washington",Everett,"38,794"
-121.286286,38.750016,180,RSV,"Roseville, California",Roseville,CA,6,"Roseville, California",Roseville,"38,775"
-92.169906,38.57887,178,JEF,"Jefferson City, Missouri",Jefferson City,MO,29,"Jefferson City, Missouri",Jefferson City,"38,748"
-78.873748,42.878449,184,BFX,"Buffalo (Exchange St), New York",Buffalo- Exchange St.,NY,36,"Buffalo (Exchange St), New York",Buffalo / Exchange St.,"38,089"
-76.16326,39.508447,186,ABE,"Aberdeen, Maryland",Aberdeen,MD,24,"Aberdeen, Maryland",Aberdeen,"37,867"
-89.466815,41.385191,190,PCT,"Princeton, Illinois",Princeton,IL,17,"Princeton, Illinois",Princeton,"37,708"
-73.810027,43.08281,189,SAR,"Saratoga Springs, New York",Saratoga Springs,NY,36,"Saratoga Springs, New York",Saratoga Springs,"37,303"
-74.623976,40.31585,168,PJC,"Princeton Junction, New Jersey",Princeton Junction,NJ,34,"Princeton Junction, New Jersey",Princeton Junction,"37,050"
-91.368525,39.957063,173,QCY,"Quincy, Illinois",Quincy,IL,17,"Quincy, Illinois",Quincy,"36,851"
-86.096553,42.791096,191,HOM,"Holland, Michigan",Holland,MI,26,"Holland, Michigan",Holland,"36,288"
-121.771952,42.225509,193,KFS,"Klamath Falls, Oregon",Klamath Falls,OR,41,"Klamath Falls, Oregon",Klamath Falls,"36,065"
-87.668685,41.562446,188,HMW,"Homewood, Illinois",Homewood,IL,17,"Homewood, Illinois",Homewood,"35,878"
-119.332309,35.594092,176,WAC,"Wasco, California",Wasco,CA,6,"Wasco, California",Wasco,"35,844"
-121.816024,38.0177,179,ACA,"Antioch-Pittsburg, California",Antioch-Pittsburg,CA,6,"Antioch-Pittsburg, California",Antioch/Pittsburg,"35,343"
-81.404234,28.293835,185,KIS,"Kissimmee, Florida",Kissimmee,FL,12,"Kissimmee, Florida",Kissimmee,"34,774"
-94.728322,32.494032,210,LVW,"Longview, Texas",Longview,TX,48,"Longview, Texas",Longview,"34,392"
-88.376045,39.48273,187,MAT,"Mattoon, Illinois",Mattoon,IL,17,"Mattoon, Illinois",Mattoon,"33,908"
-97.75694,30.269449,199,AUS,"Austin, Texas",Austin,TX,48,"Austin, Texas",Austin,"33,624"
-122.240254,47.461081,204,TUK,"Tukwila, Washington",Tukwila,WA,53,"Tukwila, Washington",Tukwila,"32,995"
-79.031865,43.113548,209,NFL,"Niagara Falls, New York, United States",Niagara Falls,NY,36,"Niagara Falls, New York, United States",Niagara Falls,"32,699"
-108.569929,39.064375,196,GJT,"Grand Junction, Colorado",Grand Junction,CO,8,"Grand Junction, Colorado",Grand Junction,"32,146"
-77.428794,37.241627,203,PTB,"Petersburg, Virginia",Petersburg,VA,51,"Petersburg, Virginia",Petersburg,"31,497"
-80.006097,35.957128,194,HPT,"High Point, North Carolina",High Point,NC,37,"High Point, North Carolina",High Point,"31,048"
-122.913016,46.142264,197,KEL,"Kelso-Longview, Washington",Kelso-Longview,WA,53,"Kelso-Longview, Washington",Kelso-Longview,"31,011"
-123.102774,44.630464,192,ALY,"Albany, Oregon",Albany,OR,41,"Albany, Oregon",Albany,"30,780"
-81.04049,33.994297,195,CLB,"Columbia, South Carolina",Columbia,SC,45,"Columbia, South Carolina",Columbia,"29,805"
-101.298557,48.236083,206,MOT,"Minot, North Dakota",Minot,ND,38,"Minot, North Dakota",Minot,"29,531"
-103.620926,48.143,213,WTN,"Williston, North Dakota",Williston,ND,38,"Williston, North Dakota",Williston,"29,013"
-82.639603,38.480875,482,AKY,"Ashland, Kentucky",Ashland,KY,21,"Ashland, Kentucky",Ashland,"28,939"
-86.160423,39.761984,200,IND,"Indianapolis, Indiana",Indianapolis,IN,18,"Indianapolis, Indiana",Indianapolis,"28,804"
-122.384141,47.811081,201,EDM,"Edmonds, Washington",Edmonds,WA,53,"Edmonds, Washington",Edmonds,"28,796"
-120.07498,37.022471,214,MDR,"Madera, California",Madera,CA,6,"Madera, California",Madera,"28,384"
-73.902263,40.935586,224,YNY,"Yonkers, New York",Yonkers,NY,36,"Yonkers, New York",Yonkers,"28,344"
-89.136118,38.527531,243,CEN,"Centralia, Illinois",Centralia,IL,17,"Centralia, Illinois",Centralia,"28,218"
-71.963093,41.350934,223,MYS,"Mystic, Connecticut",Mystic,CT,9,"Mystic, Connecticut",Mystic,"28,017"
-110.96677,32.222977,215,TUS,"Tucson, Arizona",Tucson,AZ,4,"Tucson, Arizona",Tucson,"27,840"
-83.651728,43.015425,207,FLN,"Flint, Michigan",Flint,MI,26,"Flint, Michigan",Flint,"27,777"
-83.14701,42.488439,218,ROY,"Royal Oak, Michigan",Royal Oak,MI,26,"Royal Oak, Michigan",Royal Oak,"27,318"
-95.92865,41.249828,205,OMA,"Omaha, Nebraska",Omaha,NE,31,"Omaha, Nebraska",Omaha,"26,895"
-94.377972,38.912623,217,LEE,"Lees Summit, Missouri",Lees Summit,MO,29,"Lees Summit, Missouri",Lees Summit,"26,565"
-91.432558,38.707283,226,HEM,"Hermann, Missouri",Hermann,MO,29,"Hermann, Missouri",Hermann,"25,890"
-86.745782,41.796656,245,NBU,"New Buffalo, MI",New Buffalo,MI,26,"New Buffalo, MI",New Buffalo,"25,849"
-81.352009,28.597106,211,WPK,"Winter Park, Florida",Winter Park,FL,12,"Winter Park, Florida",Winter Park,"25,844"
-91.247298,43.833155,219,LSE,"LaCrosse, Wisconsin",La Crosse,WI,55,"LaCrosse, Wisconsin",LaCrosse,"25,622"
-119.55705,36.098516,202,COC,"Corcoran, California",Corcoran,CA,6,"Corcoran, California",Corcoran,"24,658"
-121.279,37.957038,183,SKT,"Stockton (ACE, 701-704), California",Stockton  - ACE Station,CA,6,"Stockton (ACE, 701-704), California",Stockton / ACE Station,"24,605"
-88.54711,39.117059,220,EFG,"Effingham, Illinois",Effingham,IL,17,"Effingham, Illinois",Effingham,"24,131"
-89.363699,40.147855,244,LCN,"Lincoln, Illinois",Lincoln,IL,17,"Lincoln, Illinois","Lincoln, IL","23,443"
-90.190936,32.300808,153,JAN,"Jackson, Mississippi",Jackson,MS,28,"Jackson, Mississippi","Jackson, MI","23,347"
-77.472577,38.750084,237,MSS,"Manassas, Virginia",Manassas,VA,51,"Manassas, Virginia",Manassas,"23,048"
-119.087729,46.237012,230,PSC,"Pasco, Washington",Pasco,WA,53,"Pasco, Washington",Pasco,"22,711"
-80.167884,26.011641,222,HOL,"Hollywood, Florida",Hollywood,FL,12,"Hollywood, Florida",Hollywood,"22,348"
-89.11792,41.549584,228,MDT,"Mendota, Illinois",Mendota,IL,17,"Mendota, Illinois",Mendota,"22,066"
-80.122147,26.317069,225,DFB,"Deerfield Beach, Florida",Deerfield Beach,FL,12,"Deerfield Beach, Florida",Deerfield Beach,"21,895"
-79.434531,36.094225,227,BNC,"Burlington, North Carolina",Burlington,NC,37,"Burlington, North Carolina",Burlington NC,"21,888"
-85.971848,41.680748,242,EKH,"Elkhart, Indiana",Elkhart,IN,18,"Elkhart, Indiana",Elkhart,"21,787"
-85.024298,41.431816,246,WTI,"Waterloo, Indiana",Waterloo,IN,18,"Waterloo, Indiana",Waterloo,"21,682"
-86.287345,41.67836,241,SOB,"South Bend, Indiana",South Bend,IN,18,"South Bend, Indiana",South Bend,"21,207"
-80.466323,35.667496,236,SAL,"Salisbury, North Carolina",Salisbury,NC,37,"Salisbury, North Carolina",Salisbury,"20,693"
-81.352477,29.017849,232,DLD,"Deland, Florida",DeLand,FL,12,"Deland, Florida",Deland,"20,677"
-81.734878,28.002146,235,WTH,"Winter Haven, Florida",Winter Haven,FL,12,"Winter Haven, Florida",Winter Haven,"20,515"
-73.110277,44.492466,251,ESX,"Essex Junction, Vermont",Essex Junction-Burlington,VT,50,"Essex Junction, Vermont",Essex Junction,"20,390"
-95.367526,29.767245,249,HOS,"Houston, Texas",Houston,TX,48,"Houston, Texas",Houston,"19,952"
-120.629266,35.12126,250,GVB,"Grover Beach, California",Grover Beach,CA,6,"Grover Beach, California",Grover Beach,"19,758"
-82.443805,42.960419,247,PTH,"Port Huron, Michigan",Port Huron,MI,26,"Port Huron, Michigan",Port Huron,"19,593"
-78.921996,40.329689,233,JST,"Johnstown, Pennsylvania",Johnstown,PA,42,"Johnstown, Pennsylvania",Johnstown,"19,407"
-78.40162,40.514475,234,ALT,"Altoona, Pennsylvania",Altoona,PA,42,"Altoona, Pennsylvania",Altoona,"19,378"
-92.286785,34.750298,258,LRK,"Little Rock, Arkansas",Little Rock,AR,5,"Little Rock, Arkansas",Little Rock,"19,218"
-87.86543,41.119259,248,KKI,"Kankakee, Illinois",Kankakee,IL,17,"Kankakee, Illinois",Kankakee,"19,109"
-121.656745,36.679145,240,SNS,"Salinas, California",Salinas,CA,6,"Salinas, California",Salinas,"19,099"
-81.951874,28.045603,287,LKL,"Lakeland, Florida",Lakeland,FL,12,"Lakeland, Florida",Lakeland,"18,952"
-77.293027,38.521882,254,QAN,"Quantico, Virginia",Quantico,VA,51,"Quantico, Virginia",Quantico,"18,948"
-80.624928,35.496172,255,KAN,"Kannapolis, North Carolina",Kannapolis,NC,37,"Kannapolis, North Carolina",Kannapolis,"18,858"
-87.809742,41.794912,328,SMT,"Summit, Illinois",Summit,IL,17,"Summit, Illinois",Summit,"18,813"
-96.785372,46.880982,238,FAR,"Fargo, North Dakota",Fargo,ND,38,"Fargo, North Dakota",Fargo,"18,695"
-118.878059,34.28476,260,MPK,"Moorpark, California",Moorpark,CA,6,"Moorpark, California",Moorpark,"18,299"
-72.626101,41.913956,263,WNL,"Windsor Locks, Connecticut",Windsor Locks,CT,9,"Windsor Locks, Connecticut",Windsor Locks,"18,145"
-120.306552,47.421556,281,WEN,"Wenatchee, Washington",Wenatchee,WA,53,"Wenatchee, Washington",Wenatchee,"18,126"
-88.636601,40.879652,279,PON,"Pontiac, Illinois",Pontiac,IL,17,"Pontiac, Illinois","Pontiac, IL","17,604"
-86.252372,41.837412,264,NLS,"Niles, Michigan",Niles,MI,26,"Niles, Michigan",Niles,"17,405"
-75.820929,39.985688,277,COT,"Coatesville, Pennsylvania",Coatesville,PA,42,"Coatesville, Pennsylvania",Coatesville,"17,278"
-89.927544,41.245765,262,KEE,"Kewanee, Illinois",Kewanee,IL,17,"Kewanee, Illinois",Kewanee,"17,236"
-71.143823,42.517358,239,WOB,"Woburn, Massachusetts",Woburn,MA,25,"Woburn, Massachusetts",Woburn,"17,187"
-121.237299,38.791006,267,RLN,"Rocklin, California",Rocklin,CA,6,"Rocklin, California",Rocklin,"16,956"
-122.334738,48.41847,256,MVW,"Mount Vernon, Washington",Mount Vernon,WA,53,"Mount Vernon, Washington",Mount Vernon,"16,815"
-72.556497,42.850849,270,BRA,"Brattleboro, Vermont",Brattleboro,VT,50,"Brattleboro, Vermont",Brattleboro,"16,649"
-72.800678,41.539385,259,MDN,"Meriden, Connecticut",Meriden,CT,9,"Meriden, Connecticut",Meriden,"16,167"
-93.764894,41.037116,271,OSC,"Osceola, Iowa",Osceola,IA,19,"Osceola, Iowa",Osceola,"16,064"
-72.765274,41.635595,269,BER,"Berlin, Connecticut",Berlin,CT,9,"Berlin, Connecticut",Berlin,"15,963"
-91.012717,38.561466,272,WAH,"Washington, Missouri",Washington,MO,29,"Washington, Missouri",Washington / Union Station,"15,890"
-70.376225,43.514326,274,ORB,"Old Orchard Beach, Maine (Seasonal)",Old Orchard Beach,ME,23,"Old Orchard Beach, Maine (Seasonal)",Old Orchard Beach,"15,802"
-97.345792,31.095883,276,TPL,"Temple, Texas",Temple,TX,48,"Temple, Texas",Temple,"15,330"
-120.185387,39.327616,285,TRU,"Truckee, California",Truckee,CA,6,"Truckee, California",Truckee,"15,251"
-97.344886,38.046976,295,NEW,"Newton, Kansas",Newton,KS,20,"Newton, Kansas",Newton,"15,218"
-96.71317,40.815871,284,LNK,"Lincoln, Nebraska",Lincoln,NE,31,"Lincoln, Nebraska","Lincoln, NE","15,200"
-75.753513,39.669686,303,NRK,"Newark, Delaware",Newark,DE,10,"Newark, Delaware",Newark,"15,130"
-80.082444,42.120847,268,ERI,"Erie, Pennsylvania",Erie,PA,42,"Erie, Pennsylvania",Erie,"15,072"
-86.484484,42.10908,307,SJM,"St. Joseph, Michigan",St. Joseph-Benton Harbor,MI,26,"St. Joseph, Michigan",St. Joseph,"14,670"
-108.740548,35.529176,275,GLP,"Gallup, New Mexico",Gallup,NM,35,"Gallup, New Mexico",Gallup,"14,597"
-117.619733,33.419645,278,SNP,"San Clemente Pier, California",San Clemente Pier,CA,6,"San Clemente Pier, California",San Clemente,"14,592"
-77.993421,38.47236,280,CLP,"Culpeper, Virginia",Culpeper,VA,51,"Culpeper, Virginia",Culpeper,"14,428"
-113.219523,48.442333,294,GPK,"East Glacier Park, Montana",East Glacier Park,MT,30,"East Glacier Park, Montana",East Glacier Park,"14,414"
-91.640073,44.044404,252,WIN,"Winona, Minnesota",Winona,MN,27,"Winona, Minnesota",Winona,"14,398"
-121.083187,38.903638,273,ARN,"Auburn, California",Auburn,CA,6,"Auburn, California",Auburn,"14,267"
-106.495644,31.757346,286,ELP,"El Paso, Texas",El Paso,TX,48,"El Paso, Texas",El Paso,"14,134"
-83.292325,42.632771,304,PNT,"Pontiac, Michigan",Pontiac,MI,26,"Pontiac, Michigan","Pontiac, MI","13,964"
-81.434202,27.496632,266,SBG,"Sebring, Florida",Sebring,FL,12,"Sebring, Florida",Sebring,"13,848"
-90.176454,33.517159,282,GWD,"Greenwood, Mississippi",Greenwood,MS,28,"Greenwood, Mississippi",Greenwood,"13,794"
-72.317272,43.647785,296,WRJ,"White River Jct., Vermont",White River Junction,VT,50,"White River Jct., Vermont",White River Jct.,"13,708"
-80.091154,26.454021,300,DLB,"Delray Beach, Florida",Delray Beach,FL,12,"Delray Beach, Florida",Delray Beach,"13,643"
-89.777451,43.626509,288,WDL,"Wisconsin Dells, Wisconsin",Wisconsin Dells,WI,55,"Wisconsin Dells, Wisconsin",Wisconsin Dells,"13,631"
-83.98232,42.909495,308,DRD,"Durand, Michigan",Durand,MI,26,"Durand, Michigan",Durand,"13,539"
-97.110835,47.917522,291,GFK,"Grand Forks, North Dakota",Grand Forks,ND,38,"Grand Forks, North Dakota",Grand Forks,"13,346"
-120.57341,34.962927,310,GUA,"Guadalupe, California",Guadalupe,CA,6,"Guadalupe, California",Guadalupe,"13,137"
-73.446284,44.696728,299,PLB,"Plattsburgh, New York",Plattsburgh,NY,36,"Plattsburgh, New York",Plattsburgh,"13,003"
-72.981538,43.605756,289,RUD,"Rutland, Vermont",Rutland,VT,50,"Rutland, Vermont",Rutland,"12,959"
-79.546893,40.304986,297,GNB,"Greensburg, Pennsylvania",Greensburg,PA,42,"Greensburg, Pennsylvania",Greensburg,"12,643"
-91.550772,40.971179,298,MTP,"Mt. Pleasant, Iowa",Mount Pleasant,IA,19,"Mt. Pleasant, Iowa",Mt. Pleasant,"12,586"
-97.443013,35.219963,320,NOR,"Norman, Oklahoma",Norman,OK,40,"Norman, Oklahoma",Norman,"12,469"
-78.280099,35.532786,302,SSM,"Selma, North Carolina",Selma-Smithfield,NC,37,"Selma, North Carolina",Selma,"12,290"
-82.413486,34.858256,316,GRV,"Greenville, South Carolina",Greenville,SC,45,"Greenville, South Carolina",Greenville,"12,172"
-89.889276,39.279295,338,CRV,"Carlinville, Illinois",Carlinville,IL,17,"Carlinville, Illinois",Carlinville,"12,089"
-93.7409,38.76275,293,WAR,"Warrensburg, Missouri",Warrensburg,MO,29,"Warrensburg, Missouri",Warrensburg,"12,046"
-90.505331,43.986007,305,TOH,"Tomah, Wisconsin",Tomah,WI,55,"Tomah, Wisconsin",Tomah,"11,914"
-112.047137,33.056284,327,MRC,"Maricopa, Arizona",Maricopa,AZ,4,"Maricopa, Arizona",Maricopa,"11,622"
-81.640471,29.649734,309,PAK,"Palatka, Florida",Palatka,FL,12,"Palatka, Florida",Palatka,"11,598"
-117.369988,33.97567,306,RIV,"Riverside, California",Riverside-Downtown,CA,6,"Riverside, California",Riverside,"11,474"
-89.012609,43.340611,290,CBS,"Columbus, Wisconsin",Columbus,WI,55,"Columbus, Wisconsin",Columbus,"11,414"
-122.595925,45.366146,283,ORC,"Oregon City, Oregon",Oregon City,OR,41,"Oregon City, Oregon",Oregon City,"11,382"
-79.998002,32.874866,124,CHS,"Charleston, South Carolina",Charleston,SC,45,"Charleston, South Carolina",Charleston,"11,203"
-109.678352,48.554465,319,HAV,"Havre, Montana",Havre,MT,30,"Havre, Montana",Havre,"11,102"
-89.782565,30.278372,399,SDL,"Slidell, Louisiana",Slidell,LA,22,"Slidell, Louisiana",Slidell,"11,098"
-92.414929,41.018815,313,OTM,"Ottumwa, Iowa",Ottumwa,IA,19,"Ottumwa, Iowa",Ottumwa,"11,043"
-92.493384,40.02922,321,LAP,"La Plata, Missouri",La Plata,MO,29,"La Plata, Missouri",La Plata,"10,956"
-78.758,39.650628,322,CUM,"Cumberland, Maryland",Cumberland,MD,24,"Cumberland, Maryland",Cumberland,"10,896"
-120.68786,35.622683,315,PRB,"Paso Robles, California",Paso Robles,CA,6,"Paso Robles, California",Paso Robles,"10,747"
-77.961014,39.458661,329,MRB,"Martinsburg, West Virginia",Martinsburg,WV,54,"Martinsburg, West Virginia",Martinsburg,"10,687"
-117.310659,34.104112,318,SNB,"San Bernardino (Amtrak Station), California",San Bernardino,CA,6,"San Bernardino (Amtrak Station), California",San Bernardino,"10,656"
-79.829026,33.663882,311,KTR,"Kingstree, South Carolina",Kingstree,SC,45,"Kingstree, South Carolina",Kingstree,"10,450"
-121.845861,39.723259,301,CIC,"Chico, California",Chico,CA,6,"Chico, California",Chico,"10,414"
-111.856649,48.506748,330,SBY,"Shelby, Montana",Shelby,MT,30,"Shelby, Montana",Shelby,"10,387"
-82.439735,38.41582,332,HUN,"Huntington, West Virginia",Huntington,WV,54,"Huntington, West Virginia",Huntington,"10,248"
-74.2195,42.953719,335,AMS,"Amsterdam, New York",Amsterdam,NY,36,"Amsterdam, New York",Amsterdam,"10,166"
-87.560228,33.193165,333,TCL,"Tuscaloosa, Alabama",Tuscaloosa,AL,1,"Tuscaloosa, Alabama",Tuscaloosa,"10,107"
-88.430707,41.089854,349,DWT,"Dwight, Illinois",Dwight,IL,17,"Dwight, Illinois",Dwight,"9,913"
-122.39337,40.583595,326,RDD,"Redding (Amtrak Station), California",Redding,CA,6,"Redding (Amtrak Station), California",Redding  Station,"9,822"
-80.846901,32.688286,331,YEM,"Yemassee, South Carolina",Yemassee,SC,45,"Yemassee, South Carolina",Yemassee,"9,740"
-105.879968,35.480973,325,LMY,"Lamy, New Mexico",Lamy,NM,35,"Lamy, New Mexico",Lamy,"9,731"
-77.247852,38.658915,341,WDB,"Woodbridge, Virginia",Woodbridge,VA,51,"Woodbridge, Virginia",Woodbridge,"9,669"
-94.149093,45.567748,323,SCD,"St. Cloud, Minnesota",St. Cloud,MN,27,"St. Cloud, Minnesota",St. Cloud,"9,566"
-81.882173,31.605589,339,JSP,"Jesup, Georgia",Jesup,GA,13,"Jesup, Georgia",Jesup,"9,461"
-72.825221,41.456969,350,WFD,"Wallingford, Connecticut",Wallingford,CT,9,"Wallingford, Connecticut",Wallingford,"9,429"
-90.462169,30.50718,312,HMD,"Hammond, Louisiana",Hammond,LA,22,"Hammond, Louisiana",Hammond,"9,346"
-93.228706,38.711604,343,SED,"Sedalia, Missouri",Sedalia,MO,29,"Sedalia, Missouri",Sedalia,"9,289"
-121.271887,38.133201,356,LOD,"Lodi, California",Lodi,CA,6,"Lodi, California",Lodi,"9,279"
-73.58055,43.269603,340,FED,"Fort Edward-Glens Falls, New York",Fort Edward-Glens Falls,NY,36,"Fort Edward-Glens Falls, New York",Fort Edward/Glens Falls,"9,276"
-121.781594,43.216784,334,CMO,"Chemult, Oregon",Chemult,OR,41,"Chemult, Oregon",Chemult,"9,199"
-82.717866,41.440671,345,SKY,"Sandusky, Ohio",Sandusky,OH,39,"Sandusky, Ohio",Sandusky,"9,143"
-95.664916,39.051415,336,TOP,"Topeka, Kansas",Topeka,KS,20,"Topeka, Kansas",Topeka,"9,136"
-114.604635,34.839964,360,NDL,"Needles, California",Needles,CA,6,"Needles, California",Needles,"9,125"
-88.696568,32.364166,337,MEI,"Meridian, Mississippi",Meridian,MS,28,"Meridian, Mississippi",Meridian,"9,090"
-114.052816,35.188279,342,KNG,"Kingman, Arizona",Kingman,AZ,4,"Kingman, Arizona",Kingman,"9,066"
-83.306154,43.04952,348,LPE,"Lapeer, Michigan",Lapeer,MI,26,"Lapeer, Michigan",Lapeer,"8,948"
-89.286463,31.326921,346,HBG,"Hattiesburg, Mississippi",Hattiesburg,MS,28,"Hattiesburg, Mississippi",Hattiesburg,"8,685"
-77.580047,40.588309,347,LEW,"Lewistown, Pennsylvania",Lewistown,PA,42,"Lewistown, Pennsylvania",Lewistown,"8,676"
-91.101951,40.805788,351,BRL,"Burlington, Iowa",Burlington,IA,19,"Burlington, Iowa",Burlington IA,"8,668"
-115.75053,40.836483,371,ELK,"Elko, Nevada",Elko,NV,32,"Elko, Nevada",Elko,"8,656"
-94.366995,32.551549,361,MHL,"Marshall, Texas",Marshall,TX,48,"Marshall, Texas",Marshall,"8,371"
-95.230539,38.971166,357,LRC,"Lawrence, Kansas",Lawrence,KS,20,"Lawrence, Kansas",Lawrence,"8,362"
-84.537061,39.109927,317,CIN,"Cincinnati, Ohio",Cincinnati,OH,39,"Cincinnati, Ohio",Cincinnati,"8,315"
-89.240254,38.012328,355,DQN,"Du Quoin, Illinois",Du Quoin,IL,17,"Du Quoin, Illinois",Du Quoin,"8,293"
-73.2538,42.451558,366,PIT,"Pittsfield, Massachusetts",Pittsfield,MA,25,"Pittsfield, Massachusetts",Pittsfield,"8,270"
-92.537066,44.566214,358,RDW,"Red Wing, Minnesota",Red Wing,MN,27,"Red Wing, Minnesota",Red Wing,"8,265"
-72.606394,44.255749,368,MPR,"Montpelier, Vermont",Montpelier-Berlin,VT,50,"Montpelier, Vermont",Montpelier,"7,874"
-97.941049,29.876571,382,SMC,"San Marcos, Texas",San Marcos,TX,48,"San Marcos, Texas",San Marcos,"7,663"
-77.731078,39.324452,374,HFY,"Harpers Ferry, West Virginia",Harpers Ferry,WV,54,"Harpers Ferry, West Virginia",Harpers Ferry,"7,612"
-77.29879,38.797271,391,BCV,"Burke Centre, VA",Burke Centre,VA,51,"Burke Centre, VA",Burke Centre,"7,498"
-120.643965,47.606493,364,LWA,"Leavenworth, WA",Leavenworth,WA,53,"Leavenworth, WA",Leavenworth,"7,443"
-104.437886,36.901072,265,RAT,"Raton, New Mexico",Raton,NM,35,"Raton, New Mexico",Raton,"7,392"
-103.543576,37.988249,381,LAJ,"La Junta, Colorado",La Junta,CO,8,"La Junta, Colorado",La Junta,"7,373"
-82.096685,41.370033,398,ELY,"Elyria, Ohio",Elyria,OH,39,"Elyria, Ohio",Elyria,"7,280"
-89.467627,43.547079,367,POG,"Portage, Wisconsin",Portage,WI,55,"Portage, Wisconsin",Portage,"7,266"
-116.545583,48.276234,372,SPT,"Sandpoint, Idaho",Sandpoint,ID,16,"Sandpoint, Idaho",Sandpoint,"7,166"
-100.873256,37.964365,373,GCK,"Garden City, Kansas",Garden City,KS,20,"Garden City, Kansas",Garden City,"7,056"
-79.383968,36.58409,378,DAN,"Danville, Virginia",Danville,VA,51,"Danville, Virginia",Danville,"6,934"
-79.390303,35.175069,379,SOP,"Southern Pines, North Carolina",Southern Pines,NC,37,"Southern Pines, North Carolina",Southern Pines,"6,925"
-74.446265,40.496522,365,NBK,"New Brunswick, New Jersey",New Brunswick,NJ,34,"New Brunswick, New Jersey",New Brunswick,"6,902"
-94.429711,39.086917,362,IDP,"Independence, Missouri",Independence,MO,29,"Independence, Missouri",Independence,"6,683"
-83.819694,34.288897,420,GNS,"Gainesville, Georgia",Gainesville,GA,13,"Gainesville, Georgia","Gainesville, FL","6,658"
-75.44996,43.199425,352,ROM,"Rome, New York",Rome,NY,36,"Rome, New York",Rome,"6,516"
-88.538272,41.662384,386,PLO,"Plano, Illinois",Plano,IL,17,"Plano, Illinois",Plano,"6,442"
-95.4891,32.662049,395,MIN,"Mineola, Texas",Mineola,TX,48,"Mineola, Texas",Mineola,"6,423"
-93.085355,44.947661,94,MSP,"St. Paul/Minneapolis, Minnesota",St. Paul-Minneapolis,MN,27,"St. Paul/Minneapolis, Minnesota",Minneapolis / St. Paul,"6,423"
-71.794812,42.261478,393,WOR,"Worcester, Massachusetts",Worcester,MA,25,"Worcester, Massachusetts",Worcester,"6,157"
-86.895901,40.419347,257,LAF,"Lafayette, Indiana",Lafayette,IN,18,"Lafayette, Indiana",Lafayette,"6,151"
-94.043082,33.420067,392,TXA,"Texarkana, Arkansas",Texarkana,AR,5,"Texarkana, Arkansas",Texarkana,"6,133"
-117.292956,34.5372,384,VRV,"Victorville, California",Victorville,CA,6,"Victorville, California",Victorville,"5,911"
-91.336983,40.622591,385,FMD,"Fort Madison, Iowa",Fort Madison,IA,19,"Fort Madison, Iowa",Fort Madison,"5,891"
-79.372301,34.417647,369,DIL,"Dillon, South Carolina",Dillon,SC,45,"Dillon, South Carolina",Dillon,"5,841"
-80.892232,37.675037,375,HIN,"Hinton, West Virginia",Hinton,WV,54,"Hinton, West Virginia",Hinton,"5,836"
-87.506511,41.691155,401,HMI,"Hammond-Whiting, Indiana",Hammond-Whiting,IN,18,"Hammond-Whiting, Indiana",Hammond/Whiting,"5,788"
-78.01178,40.483665,397,HGD,"Huntingdon, Pennsylvania",Huntingdon,PA,42,"Huntingdon, Pennsylvania",Huntingdon,"5,766"
-94.795331,46.354601,394,SPL,"Staples, Minnesota",Staples,MN,27,"Staples, Minnesota",Staples,"5,723"
-80.304004,37.786443,414,WSS,"White Sulphur Springs, West Virginia",White Sulphur Springs,WV,54,"White Sulphur Springs, West Virginia",White Sulphur Springs,"5,680"
-86.899187,40.044705,405,CRF,"Crawfordsville (Amtrak), Indiana",Crawfordsville,IN,18,"Crawfordsville (Amtrak), Indiana",Crawfordsville ,"5,660"
-120.952913,39.098874,388,COX,"Colfax, California",Colfax,CA,6,"Colfax, California",Colfax,"5,658"
-104.507981,37.172688,404,TRI,"Trinidad, Colorado",Trinidad,CO,8,"Trinidad, Colorado",Trinidad,"5,635"
-73.451773,44.187288,409,WSP,"Westport, New York",Westport,NY,36,"Westport, New York",Westport,"5,596"
-97.407763,30.567667,412,TAY,"Taylor, Texas",Taylor,TX,48,"Taylor, Texas",Taylor,"5,453"
-106.636188,48.194854,430,GGW,"Glasgow, Montana",Glasgow,MT,30,"Glasgow, Montana",Glasgow,"5,434"
-103.661513,30.357302,424,ALP,"Alpine, Texas",Alpine,TX,48,"Alpine, Texas",Alpine,"5,311"
-98.387534,40.584276,419,HAS,"Hastings, Nebraska",Hastings,NE,31,"Hastings, Nebraska",Hastings,"5,304"
-100.016961,37.752306,426,DDG,"Dodge City, Kansas",Dodge City,KS,20,"Dodge City, Kansas",Dodge City,"5,289"
-84.551799,41.480319,403,BYN,"Bryan, Ohio",Bryan,OH,39,"Bryan, Ohio",Bryan,"5,225"
-77.145995,39.084547,410,RKV,"Rockville, Maryland",Rockville,MD,24,"Rockville, Maryland",Rockville,"5,162"
-79.071776,38.147639,390,STA,"Staunton, Virginia",Staunton,VA,51,"Staunton, Virginia",Staunton,"5,160"
-111.664001,40.225957,411,PRO,"Provo, Utah",Provo,UT,49,"Provo, Utah",Provo,"5,120"
-72.751806,44.335011,413,WAB,"Waterbury, Vermont",Waterbury-Stowe,VT,50,"Waterbury, Vermont",Waterbury,"5,110"
-122.349935,48.242638,422,STW,"Stanwood, WA",Stanwood,WA,53,"Stanwood, WA",Stanwood,"5,078"
-97.404756,31.443352,415,MCG,"McGregor, Texas",McGregor,TX,48,"McGregor, Texas",McGregor,"5,061"
-105.935503,40.084188,433,GRA,"Granby, Colorado",Granby,CO,8,"Granby, Colorado",Granby,"5,034"
-97.140896,33.625159,387,GLE,"Gainesville, Texas",Gainesville,TX,48,"Gainesville, Texas","Gainesville, GA","5,032"
-88.159126,40.310905,408,RTL,"Rantoul, Illinois",Rantoul,IL,17,"Rantoul, Illinois",Rantoul,"4,999"
-86.109041,41.980941,444,DOA,"Dowagiac, Michigan",Dowagiac,MI,26,"Dowagiac, Michigan",Dowagiac,"4,979"
-115.54889,48.394842,423,LIB,"Libby, Montana",Libby,MT,30,"Libby, Montana",Libby,"4,958"
-113.979164,48.496218,389,WGL,"West Glacier, Montana",West Glacier,MT,30,"West Glacier, Montana",West Glacier,"4,891"
-95.845998,46.819692,425,DLK,"Detroit Lakes, Minnesota",Detroit Lakes,MN,27,"Detroit Lakes, Minnesota",Detroit Lakes,"4,877"
-90.451334,31.244467,406,MCB,"McComb, Mississippi",McComb,MS,28,"McComb, Mississippi",McComb,"4,795"
-122.270587,41.211127,400,DUN,"Dunsmuir (Amtrak Station), California",Dunsmuir,CA,6,"Dunsmuir (Amtrak Station), California",Dunsmuir  Station,"4,654"
-90.393341,36.753995,429,PBF,"Poplar Bluff, Missouri",Poplar Bluff,MO,29,"Poplar Bluff, Missouri",Poplar Bluff,"4,640"
-105.212779,35.593432,428,LSV,"Las Vegas, New Mexico",Las Vegas,NM,35,"Las Vegas, New Mexico",Las Vegas,"4,629"
-117.73221,40.969044,445,WNN,"Winnemucca, Nevada",Winnemucca,NV,32,"Winnemucca, Nevada",Winnemucca,"4,540"
-81.092904,40.921275,416,ALC,"Alliance, Ohio",Alliance,OH,39,"Alliance, Ohio",Alliance,"4,501"
-72.444597,43.13654,437,BLF,"Bellows Falls, Vermont",Bellows Falls,VT,50,"Bellows Falls, Vermont",Bellows Falls,"4,462"
-114.615571,32.723139,435,YUM,"Yuma, Arizona",Yuma,AZ,4,"Yuma, Arizona",Yuma,"4,459"
-105.642736,48.091672,407,WPT,"Wolf Point, Montana",Wolf Point,MT,30,"Wolf Point, Montana",Wolf Point,"4,447"
-117.649569,34.061672,417,ONA,"Ontario, California",Ontario,CA,6,"Ontario, California",Ontario,"4,441"
-97.931522,38.055712,432,HUT,"Hutchinson, Kansas",Hutchinson,KS,20,"Hutchinson, Kansas",Hutchinson,"4,415"
-79.592813,40.020282,421,COV,"Connellsville, Pennsylvania",Connellsville,PA,42,"Connellsville, Pennsylvania",Connellsville,"4,407"
-110.694981,35.021666,436,WLO,"Winslow, Arizona",Winslow,AZ,4,"Winslow, Arizona",Winslow,"4,345"
-102.389379,48.319813,418,STN,"Stanley, North Dakota",Stanley,ND,38,"Stanley, North Dakota",Stanley,"4,297"
-98.861372,48.110468,441,DVL,"Devils Lake, North Dakota",Devils Lake,ND,38,"Devils Lake, North Dakota",Devils Lake,"4,217"
-86.111646,42.314519,446,BAM,"Bangor, Michigan",Bangor,MI,26,"Bangor, Michigan",Bangor,"4,180"
-99.997556,48.369846,443,RUG,"Rugby, North Dakota",Rugby,ND,38,"Rugby, North Dakota",Rugby,"4,102"
-79.385083,40.317405,434,LAB,"Latrobe, Pennsylvania",Latrobe,PA,42,"Latrobe, Pennsylvania",Latrobe,"4,068"
-97.21846,34.741735,439,PVL,"Pauls Valley, Oklahoma",Pauls Valley,OK,40,"Pauls Valley, Oklahoma",Pauls Valley,"4,065"
-90.44107,31.582961,440,BRH,"Brookhaven, Mississippi",Brookhaven,MS,28,"Brookhaven, Mississippi",Brookhaven,"4,028"
-79.699218,34.883663,431,HAM,"Hamlet, North Carolina",Hamlet,NC,37,"Hamlet, North Carolina",Hamlet,"4,005"
-80.830812,27.251867,442,OKE,"Okeechobee, Florida",Okeechobee,FL,12,"Okeechobee, Florida",Okeechobee,"3,988"
-73.171337,43.613382,438,CNV,"Castleton, VT",Castleton,VT,50,"Castleton, VT",Castleton,"3,942"
-97.382333,32.349743,448,CBR,"Cleburne, Texas",Cleburne,TX,48,"Cleburne, Texas",Cleburne,"3,929"
-89.127933,31.692168,455,LAU,"Laurel, Mississippi",Laurel,MS,28,"Laurel, Mississippi",Laurel,"3,924"
-81.936917,34.953736,451,SPB,"Spartanburg, South Carolina",Spartanburg,SC,45,"Spartanburg, South Carolina",Spartanburg,"3,870"
-85.832145,33.649112,427,ATN,"Anniston, Alabama",Anniston,AL,1,"Anniston, Alabama",Anniston,"3,833"
-93.217037,30.238126,458,LCH,"Lake Charles, Louisiana",Lake Charles,LA,22,"Lake Charles, Louisiana",Lake Charles,"3,782"
-94.361617,41.05692,447,CRN,"Creston, Iowa",Creston,IA,19,"Creston, Iowa",Creston,"3,747"
-73.086191,44.81236,462,SAB,"St. Albans, Vermont",St. Albans,VT,50,"St. Albans, Vermont",St. Albans,"3,726"
-74.952187,40.071663,472,CWH,"Cornwells Heights, Pennsylvania",Cornwells Heights,PA,42,"Cornwells Heights, Pennsylvania",Cornwells Heights,"3,673"
-94.127367,30.076458,464,BMT,"Beaumont, Texas",Beaumont,TX,48,"Beaumont, Texas",Beaumont,"3,641"
-107.872242,48.360477,449,MAL,"Malta, Montana",Malta,MT,30,"Malta, Montana",Malta,"3,570"
-119.549267,47.320948,459,EPH,"Ephrata, Washington",Ephrata,WA,53,"Ephrata, Washington",Ephrata,"3,503"
-103.802818,40.247169,457,FMG,"Fort Morgan, Colorado",Fort Morgan,CO,8,"Fort Morgan, Colorado",Fort Morgan,"3,445"
-88.888772,36.525704,452,FTN,"Fulton, Kentucky",Fulton,KY,21,"Fulton, Kentucky",Fulton,"3,439"
-90.956766,36.06766,463,WNR,"Walnut Ridge, Arkansas",Walnut Ridge,AR,5,"Walnut Ridge, Arkansas",Walnut Ridge,"3,421"
-117.025435,34.90482,465,BAR,"Barstow (Amtrak), California",Barstow,CA,6,"Barstow (Amtrak), California",Barstow ,"3,400"
-113.610942,48.275543,471,ESM,"Essex, Montana",Essex,MT,30,"Essex, Montana",Essex,"3,286"
-86.905385,41.721103,456,MCI,"Michigan City, Indiana",Michigan City,IN,18,"Michigan City, Indiana",Michigan City,"3,284"
-100.625792,40.197634,469,MCK,"McCook, Nebraska",McCook,NE,31,"McCook, Nebraska",McCook,"3,282"
-121.46873,45.71502,453,BNG,"Bingen-White Salmon, Washington",Bingen-White Salmon,WA,53,"Bingen-White Salmon, Washington",Bingen-White Salmon,"3,272"
-81.143635,33.326184,460,DNK,"Denmark, South Carolina",Denmark,SC,45,"Denmark, South Carolina",Denmark,"3,230"
-87.518076,41.515413,467,DYE,"Dyer, Indiana",Dyer,IN,18,"Dyer, Indiana",Dyer,"3,198"
-90.41523,32.848477,450,YAZ,"Yazoo City, Mississippi",Yazoo City,MS,28,"Yazoo City, Mississippi",Yazoo City,"3,195"
-80.62519,34.248157,461,CAM,"Camden, South Carolina",Camden,SC,45,"Camden, South Carolina",Camden,"3,161"
-78.24047,40.667705,468,TYR,"Tyrone, Pennsylvania",Tyrone,PA,42,"Tyrone, Pennsylvania",Tyrone,"2,826"
-110.165228,38.992039,474,GRI,"Green River, Utah",Green River,UT,49,"Green River, Utah",Green River,"2,605"
-73.458753,44.042297,481,POH,"Port Henry, New York",Port Henry,NY,36,"Port Henry, New York",Port Henry,"2,603"
-72.377644,43.36833,478,CLA,"Claremont, New Hampshire",Claremont,NH,33,"Claremont, New Hampshire",Claremont,"2,542"
-112.331584,48.638364,475,CUT,"Cut Bank, Montana",Cut Bank,MT,30,"Cut Bank, Montana",Cut Bank,"2,396"
-83.331542,34.578456,477,TCA,"Toccoa, Georgia",Toccoa,GA,13,"Toccoa, Georgia",Toccoa,"2,324"
-87.998055,40.752547,476,GLM,"Gilman, Illinois",Gilman,IL,17,"Gilman, Illinois",Gilman,"2,317"
-110.853894,39.684036,486,HER,"Helper, Utah",Helper,UT,49,"Helper, Utah",Helper,"2,261"
-99.371241,40.435926,485,HLD,"Holdrege, Nebraska",Holdrege,NE,31,"Holdrege, Nebraska",Holdrege,"2,225"
-81.060694,37.856594,473,PRC,"Prince, West Virginia (Beckley)",Prince,WV,54,"Prince, West Virginia (Beckley)",Prince,"2,162"
-89.68026,30.524606,479,PIC,"Picayune, Mississippi",Picayune,MS,28,"Picayune, Mississippi",Picayune,"2,119"
-112.190106,35.25195,359,WMJ,"Williams Junction, Arizona",Williams Junction,AZ,4,"Williams Junction, Arizona",Williams Junction,"2,032"
-83.771074,38.652148,483,MAY,"Maysville,  Kentucky",Maysville,KY,21,"Maysville,  Kentucky",Maysville,"2,024"
-84.755814,42.247196,499,ALI,"Albion, Michigan",Albion,MI,26,"Albion, Michigan",Albion,"2,011"
-71.420033,42.275993,491,FRA,"Framingham, Massachusetts",Framingham,MA,25,"Framingham, Massachusetts",Framingham,"1,961"
-79.827363,37.814521,480,CLF,"Clifton Forge, Virginia",Clifton Forge,VA,51,"Clifton Forge, Virginia",Clifton Forge,"1,951"
-110.296904,31.968758,487,BEN,"Benson, Arizona",Benson,AZ,4,"Benson, Arizona",Benson,"1,939"
-72.665459,43.922398,489,RPH,"Randolph, Vermont",Randolph,VT,50,"Randolph, Vermont",Randolph,"1,842"
-87.155121,40.943281,488,REN,"Rensselaer, Indiana",Rensselaer,IN,18,"Rensselaer, Indiana",Rensselaer,"1,816"
-73.389681,43.853788,484,FTC,"Ticonderoga, New York",Ticonderoga,NY,36,"Ticonderoga, New York",Ticonderoga,"1,807"
-73.403207,43.554694,494,WHL,"Whitehall, New York",Whitehall,NY,36,"Whitehall, New York",Whitehall,"1,748"
-100.902662,29.362202,490,DRT,"Del Rio, Texas",Del Rio,TX,48,"Del Rio, Texas",Del Rio,"1,695"
-92.814018,34.365484,495,MVN,"Malvern, Arkansas",Malvern,AR,5,"Malvern, Arkansas",Malvern,"1,693"
-97.357416,35.012033,497,PUR,"Purcell, Oklahoma",Purcell,OK,40,"Purcell, Oklahoma",Purcell,"1,635"
-91.823809,30.008415,493,NIB,"New Iberia, Louisiana",New Iberia,LA,22,"New Iberia, Louisiana",New Iberia,"1,602"
-102.618574,38.089623,492,LMR,"Lamar, Colorado",Lamar,CO,8,"Lamar, Colorado",Lamar,"1,588"
-117.750621,34.059224,496,POS,"Pomona (Sunset Ltd), California",Pomona,CA,6,"Pomona (Sunset Ltd), California",Pomona - Sunset Ltd,"1,540"
-93.053284,34.113919,509,ARK,"Arkadelphia, Arkansas",Arkadelphia,AR,5,"Arkadelphia, Arkansas",Arkadelphia,"1,433"
-107.754346,32.27177,503,DEM,"Deming, New Mexico",Deming,NM,35,"Deming, New Mexico",Deming,"1,388"
-120.966142,45.657669,505,WIH,"Wishram, Washington",Wishram,WA,53,"Wishram, Washington",Wishram,"1,339"
-113.013151,48.534067,500,BRO,"Browning, Montana",Browning,MT,30,"Browning, Montana",Browning,"1,334"
-90.394347,31.86132,501,HAZ,"Hazlehurst, Mississippi",Hazlehurst,MS,28,"Hazlehurst, Mississippi",Hazlehurst,"1,332"
-73.371093,44.99487,506,RSP,"Rouses Point, New York",Rouses Point,NY,36,"Rouses Point, New York",Rouses Point,"1,302"
-72.642253,41.852013,353,WND,"Windsor, Connecticut",Windsor,CT,9,"Windsor, Connecticut",Windsor,"1,272"
-81.162366,35.269186,504,GAS,"Gastonia, North Carolina",Gastonia,NC,37,"Gastonia, North Carolina",Gastonia,"1,251"
-90.815246,29.746678,502,SCH,"Schriever, Louisiana",Schriever,LA,22,"Schriever, Louisiana",Schriever,"1,238"
-82.963751,38.721281,511,SPM,"South Shore-South Portsmouth, Kentucky",South Portsmouth,KY,21,"South Shore-South Portsmouth, Kentucky",South Shore-South Portsmouth,875
-108.707025,32.35007,514,LDB,"Lordsburg, New Mexico",Lordsburg,NM,35,"Lordsburg, New Mexico",Lordsburg,733
-85.13338,39.645969,513,COI,"Connersville, Indiana",Connersville,IN,18,"Connersville, Indiana",Connersville,607
-80.644856,37.724277,516,ALD,"Alderson, West Virginia",Alderson,WV,54,"Alderson, West Virginia",Alderson,433
-81.32403,38.180743,512,MNG,"Montgomery, West Virginia",Montgomery,WV,54,"Montgomery, West Virginia",Montgomery,347
-81.078754,37.956986,517,THN,"Thurmond, West Virginia",Thurmond,WV,54,"Thurmond, West Virginia",Thurmond,285
-102.398746,30.139951,518,SND,"Sanderson, Texas",Sanderson,TX,48,"Sanderson, Texas",Sanderson,269
